name;method;param
Epson Expression Home XP;quantity_add;1
marvelous cherry;price_abs;10
refined toner;available;True
HyperX DDR4 RAM;quantity_add;1
amazing raspberry;price_percent;-0.13
refined makeup remover;price_abs;27.236000000000004
HyperX DDR4 RAM;available;True
nice plumbing;price_percent;0.16
refined wheelbarrow;available;False
Intel Core i5;quantity_sub;-14
Canon PIXMA;price_abs;8093
amazing pedicure set;price_percent;-0.01
Kingston Canvas Select Plus;available;True
beautiful flooring;remove;
EVGA 500B 80+ BRONZE;quantity_sub;-7
Kingston Canvas Select Plus;price_abs;11611
delightful flooring;price_percent;-0.16
nice glue;price_abs;9
Corsair HS60;remove;
amazing raspberry;remove;
stylish roofing;quantity_sub;-99
delightful orange;price_percent;0.08
trendy pedicure set;price_percent;0.1
stylish eye cream;price_abs;-6
nice electrical;quantity_add;177
SteelSeries Arctis 7;quantity_add;7
SteelSeries Arctis 7;quantity_add;13
Brother DCP-T510W;price_percent;-0.11
sublime apricot;quantity_add;109
marvelous moisturizer;price_percent;0.02
tasteful paint;available;True
pretty lotion;price_percent;-0.07
nice electrical;price_percent;0.01
glamorous peach;available;False
pleasant apple;quantity_sub;-168
Kingston Canvas Select Plus;available;False
Intel Core i5;quantity_sub;-3
Logitech Wireless Keyboard;remove;
stylish apricot;quantity_add;6
WD Blue HDD;quantity_sub;-4
pretty lotion;price_percent;-0.05
nice blueberry;quantity_sub;-6
magnificent kiwifruit;price_percent;0.13
refined raspberry;quantity_add;130
glamorous toothpaste;price_abs;-1
tasteful apple;remove;
refined makeup remover;remove;
Brother DCP-T510W;available;True
pretty facial cleanser;quantity_sub;-137
superb glue;available;True
delightful flooring;price_percent;0.14
refined exfoliator;remove;
EVGA 500B 80+ BRONZE;available;False
magnificent body wash;quantity_sub;-80
AMD Ryzen 5;price_abs;3671
beautiful mango;price_abs;-5
stylish eye cream;quantity_sub;-93
Brother DCP-T510W;available;True
Corsair HS60;available;False
EVGA 500B 80+ BRONZE;price_abs;4348
AMD Ryzen 5;remove;
nice blueberry;available;True
pleasant cherry;quantity_add;111
superb perfume;price_abs;-9
WD Blue HDD;price_abs;-614
amazing pedicure set;price_percent;-0.17
Kingston Canvas Select Plus;remove;
attractive facial cleanser;price_abs;11
delightful windows;quantity_sub;-42
delightful orange;remove;
pleasant drywall;quantity_add;12
exquisite pineapple;quantity_add;61
Logitech Wireless Keyboard;available;True
glamorous insulation;available;True
Intel Core i5;quantity_add;1
tasteful paint;remove;
luxurious face wash;quantity_sub;-105
attractive facial cleanser;price_percent;-0.19
elegant serum;price_percent;-0.19
beautiful mango;price_abs;91.20100000000001
tasteful paint;quantity_sub;-114
AMD Ryzen 5;price_percent;0.12
AMD Ryzen 5;price_percent;0.13
delightful bubble bath;remove;
elegant serum;price_abs;-9
marvelous cherry;price_percent;0.19
elegant serum;available;True
gorgeous banana;price_abs;58.410000000000004
delightful windows;available;True
NVIDIA GeForce GTX 1050;price_percent;-0.07
SteelSeries Arctis 7;quantity_add;9
gorgeous shampoo;available;False
Logitech Wireless Keyboard;price_percent;-0.05
Logitech Wireless Keyboard;remove;
superb perfume;price_abs;1
SteelSeries Arctis 7;quantity_sub;-4
delightful windows;remove;
delightful bubble bath;quantity_sub;-39
amazing pineapple;quantity_sub;-63
trendy screws;price_abs;1
magnificent body wash;quantity_add;48
amazing doors;price_abs;-2
Brother DCP-T510W;remove;
SteelSeries Arctis 7;quantity_sub;-2
stylish shampoo;available;False
AMD Ryzen 5;quantity_sub;-8
luxurious cherry;price_abs;-7
Logitech Wireless Keyboard;quantity_sub;-9
WD Blue HDD;available;True
Canon PIXMA;quantity_sub;-5
glamorous peach;remove;
stylish eye cream;price_percent;0.05
nice plumbing;available;True
NVIDIA GeForce GTX 1050;quantity_sub;-5
SteelSeries Arctis 7;price_percent;0.15
attractive chisel;quantity_add;47
glamorous toothpaste;remove;
Epson Expression Home XP;remove;
gorgeous melon;remove;
Ricoh Aficio MP;price_abs;-12431
delightful face wash;price_abs;5
refined grapes;remove;
HyperX DDR4 RAM;quantity_add;2
luxurious face wash;remove;
exquisite eye cream;price_abs;1
delightful blueberry;remove;
marvelous grapes;available;False
AMD Ryzen 5;available;False
delightful windows;quantity_sub;-51
glamorous insulation;quantity_sub;-83
Canon PIXMA;quantity_add;10
marvelous trim;quantity_sub;-138
Epson Expression Home XP;price_percent;-0.05
WD Blue HDD;price_abs;91168.00000000001
SteelSeries Arctis 7;quantity_add;8
gorgeous shampoo;price_percent;-0.16
stylish shampoo;remove;
exquisite toothpaste;available;False
SteelSeries Arctis 7;quantity_add;3
HyperX DDR4 RAM;remove;
magnificent kiwifruit;price_abs;7
attractive facial cleanser;quantity_add;4
Brother DCP-T510W;quantity_sub;-2
magnificent orange;quantity_sub;-128
nice manicure set;quantity_sub;-57
AMD Ryzen 5;remove;
magnificent tape measure;price_abs;1
gorgeous flooring;remove;
marvelous grapes;quantity_sub;-155
delightful flooring;remove;
EVGA 500B 80+ BRONZE;available;True
magnificent banana;quantity_sub;-48
elegant serum;quantity_add;49
stylish ladder;remove;
marvelous grapes;price_percent;0.18
Ricoh Aficio MP;quantity_sub;-5
delightful orange;available;False
beautiful roofing;quantity_sub;-63
tasteful apple;remove;
Canon PIXMA;quantity_sub;-12
glamorous insulation;quantity_sub;-99
stylish peach;quantity_add;33
Brother DCP-T510W;quantity_sub;-10
magnificent glue;price_percent;0.07
tasteful facial cleanser;quantity_sub;-78
WD Blue HDD;price_abs;2294
delightful body wash;quantity_sub;-132
Kingston Canvas Select Plus;quantity_sub;-1
Logitech Wireless Keyboard;remove;
pleasant cherry;remove;
Ricoh Aficio MP;price_percent;0.07
magnificent orange;quantity_sub;-111
Brother DCP-T510W;quantity_sub;-14
Razer Variau;price_abs;-2182
AMD Ryzen 5;available;False
nice electrical;quantity_add;157
superb plum;available;True
refined exfoliator;quantity_sub;-23
EVGA 500B 80+ BRONZE;price_abs;-8825
trendy screws;quantity_add;15
Razer Variau;available;False
glamorous makeup remover;price_percent;-0.16
tasteful apple;price_abs;60.940000000000005
exquisite eye cream;quantity_add;141
Brother DCP-T510W;price_percent;-0.05
SteelSeries Arctis 7;quantity_sub;-7
magnificent banana;price_abs;-10
pretty exfoliator;price_percent;-0.02
Intel Core i5;remove;
glamorous insulation;available;True
attractive facial cleanser;price_percent;-0.06
magnificent body wash;remove;
amazing pedicure set;price_percent;0.14
Kingston Canvas Select Plus;available;False
AMD Ryzen 5;available;True
attractive facial cleanser;remove;
Brother DCP-T510W;quantity_add;1
magnificent boysenberry;price_percent;0.14
glamorous toothpaste;remove;
Canon PIXMA;price_abs;-6196
Ricoh Aficio MP;quantity_add;5
Epson Expression Home XP;remove;
tasteful chisel;remove;
WD Blue HDD;quantity_add;1
Kingston Canvas Select Plus;price_abs;5467
trendy doors;available;False
AMD Ryzen 5;quantity_sub;-6
superb plum;price_abs;3
luxurious face wash;remove;
amazing pineapple;quantity_add;6
SteelSeries Arctis 7;available;True
marvelous apricot;remove;
HyperX DDR4 RAM;price_percent;-0.14
Kingston Canvas Select Plus;quantity_add;5
beautiful mango;price_percent;0.04
marvelous apricot;quantity_sub;-79
refined raspberry;quantity_sub;-85
delightful face wash;price_abs;2
superb perfume;quantity_add;159
HyperX DDR4 RAM;quantity_add;1
glamorous deodorant;available;False
delightful guava;price_percent;-0.08
Ricoh Aficio MP;price_abs;14270.300000000001
trendy facial cleanser;price_abs;6
Epson Expression Home XP;quantity_sub;-8
gorgeous shampoo;price_abs;3
Brother DCP-T510W;remove;
magnificent glue;quantity_sub;-6
delightful guava;quantity_add;35
attractive facial cleanser;available;True
pretty facial cleanser;price_abs;16
gorgeous shampoo;quantity_sub;-69
refined grapes;quantity_add;9
superb plum;price_percent;0.0
HyperX DDR4 RAM;price_abs;-15464
exquisite pineapple;price_percent;-0.14
Brother DCP-T510W;price_percent;-0.07
nice plumbing;price_percent;0.08
delightful blueberry;available;True
Ricoh Aficio MP;remove;
glamorous toothpaste;available;True
Brother DCP-T510W;quantity_add;6
stylish roofing;quantity_add;15
magnificent kiwifruit;quantity_sub;-89
Logitech Wireless Keyboard;quantity_sub;-6
pretty lotion;quantity_add;16
delightful guava;price_abs;-2
Epson Expression Home XP;price_abs;7070
Corsair HS60;quantity_sub;-9
tasteful apple;quantity_add;5
marvelous apricot;price_abs;14
tasteful apple;price_percent;0.09
Corsair HS60;price_abs;7785
HyperX DDR4 RAM;available;True
pretty lotion;price_percent;-0.18
gorgeous apricot;quantity_add;51
trendy nails;price_abs;10
nice manicure set;quantity_sub;-22
pretty facial cleanser;price_abs;-8
trendy screws;quantity_add;96
Ricoh Aficio MP;available;True
trendy hammer;price_abs;-4
pretty baby shampoo;quantity_add;98
superb plum;price_abs;3
attractive facial cleanser;available;True
delightful face wash;available;True
tasteful chisel;price_percent;0.11
refined raspberry;quantity_add;5
attractive nail polish;remove;
pretty facial cleanser;quantity_sub;-37
AMD Ryzen 5;quantity_add;6
Brother DCP-T510W;remove;
tasteful apple;quantity_sub;-79
Brother DCP-T510W;remove;
gorgeous shampoo;price_percent;0.12
nice glue;price_percent;-0.2
refined wheelbarrow;price_abs;-2
pretty exfoliator;quantity_add;57
refined raspberry;price_percent;-0.08
sublime apricot;quantity_add;10
Epson Expression Home XP;price_abs;-56
pretty lotion;price_percent;-0.19
tasteful apple;available;False
NVIDIA GeForce GTX 1050;remove;
SteelSeries Arctis 7;available;True
elegant trim;remove;
Brother DCP-T510W;price_abs;-669
SteelSeries Arctis 7;price_percent;-0.09
Canon PIXMA;price_percent;-0.2
amazing pedicure set;quantity_add;75
refined exfoliator;price_percent;-0.15
superb perfume;price_percent;-0.15
pretty facial cleanser;price_abs;-7
Samsung 970 EVO SSD;quantity_add;6
Intel Core i5;quantity_sub;-8
superb plum;price_abs;3
beautiful roofing;price_percent;-0.12
Canon PIXMA;remove;
tasteful strawberry;quantity_add;137
pleasant drywall;quantity_sub;-24
tasteful wheelbarrow;quantity_add;43
elegant serum;remove;
Razer Variau;price_percent;-0.05
tasteful shovel;price_percent;-0.05
Logitech Wireless Keyboard;available;True
Brother DCP-T510W;price_abs;3142
delightful body wash;available;False
Brother DCP-T510W;quantity_add;2
Canon PIXMA;available;False
Brother DCP-T510W;remove;
luxurious hair mask;price_percent;-0.14
Logitech Wireless Keyboard;quantity_add;8
Brother DCP-T510W;quantity_add;11
trendy facial cleanser;price_abs;1
tasteful apple;price_percent;-0.15
glamorous makeup remover;price_percent;-0.16
EVGA 500B 80+ BRONZE;remove;
stylish shampoo;quantity_add;63
Canon PIXMA;price_abs;23480.600000000002
magnificent tape measure;price_abs;-10
Ricoh Aficio MP;price_abs;-4299
superb plum;quantity_add;28
nice plumbing;price_abs;19
HP LaserJet Pro;price_percent;0.02
pretty exfoliator;price_abs;78.74900000000001
NVIDIA GeForce GTX 1050;price_percent;0.16
delightful orange;price_percent;0.11
luxurious roofing;quantity_sub;-86
Logitech Wireless Keyboard;quantity_sub;-3
refined flooring;quantity_add;98
amazing raspberry;quantity_add;66
marvelous cherry;price_abs;60.291000000000004
stylish ladder;quantity_add;102
Logitech Wireless Keyboard;quantity_sub;-2
WD Blue HDD;price_abs;7627
refined toner;price_percent;0.08
magnificent tape measure;price_abs;-13
attractive nail polish;quantity_add;67
Kingston Canvas Select Plus;quantity_sub;-5
beautiful flooring;quantity_sub;-8
tasteful chisel;price_abs;-9
exquisite guava;remove;
glamorous makeup remover;price_abs;-12
nice plumbing;quantity_add;111
NVIDIA GeForce GTX 1050;available;True
gorgeous banana;available;True
trendy doors;price_percent;0.18
glamorous peach;remove;
pleasant hammer;price_abs;-9
marvelous trim;quantity_add;4
Kingston Canvas Select Plus;price_abs;-301
stylish peach;quantity_add;51
marvelous moisturizer;remove;
glamorous peach;remove;
Canon PIXMA;remove;
amazing pineapple;price_percent;-0.06
Ricoh Aficio MP;remove;
Canon PIXMA;quantity_sub;-5
pretty lotion;quantity_sub;-86
Epson Expression Home XP;quantity_add;8
delightful windows;price_percent;-0.05
trendy screws;remove;
stylish shampoo;quantity_add;57
amazing doors;remove;
HyperX DDR4 RAM;remove;
Brother DCP-T510W;quantity_sub;-7
gorgeous melon;available;True
pretty exfoliator;remove;
Intel Core i5;price_percent;-0.07
Brother DCP-T510W;quantity_add;9
Brother DCP-T510W;remove;
Samsung 970 EVO SSD;price_abs;-1657
pleasant hammer;remove;
nice electrical;price_percent;-0.17
SteelSeries Arctis 7;remove;
glamorous roofing;available;False
Brother DCP-T510W;quantity_sub;-5
gorgeous shampoo;price_abs;-1
pretty exfoliator;price_abs;9
elegant serum;quantity_sub;-72
magnificent boysenberry;quantity_add;118
exquisite eye cream;available;True
sublime conditioner;price_abs;0
Brother DCP-T510W;quantity_sub;-4
superb perfume;quantity_sub;-20
WD Blue HDD;quantity_sub;-4
trendy screws;available;True
pretty facial cleanser;price_abs;5
marvelous trim;quantity_add;142
Ricoh Aficio MP;price_percent;0.15
luxurious face wash;available;True
delightful orange;available;True
EVGA 500B 80+ BRONZE;remove;
HyperX DDR4 RAM;price_percent;0.05
NVIDIA GeForce GTX 1050;quantity_sub;-1
refined exfoliator;quantity_sub;-103
delightful face wash;quantity_sub;-10
delightful flooring;price_percent;-0.06
Logitech Wireless Keyboard;available;False
stylish shampoo;quantity_add;41
delightful body wash;price_percent;0.08
Intel Core i5;available;True
pleasant drywall;remove;
WD Blue HDD;quantity_sub;-3
Corsair HS60;price_abs;9005
magnificent tape measure;remove;
tasteful paint;quantity_add;24
exquisite toothpaste;available;False
pleasant hammer;quantity_sub;-51
glamorous roofing;quantity_add;86
EVGA 500B 80+ BRONZE;price_percent;-0.01
stylish ladder;remove;
beautiful mango;quantity_add;140
Canon PIXMA;price_abs;80553.0
Kingston Canvas Select Plus;remove;
AMD Ryzen 5;remove;
sublime conditioner;remove;
glamorous plumbing;quantity_sub;-70
AMD Ryzen 5;price_abs;-6838
Ricoh Aficio MP;quantity_sub;-2
trendy facial cleanser;available;False
AMD Ryzen 5;price_abs;-2653
glamorous insulation;quantity_add;82
stylish apricot;available;True
delightful windows;price_percent;-0.16
attractive nail polish;quantity_sub;-103
elegant serum;available;False
stylish eye cream;remove;
EVGA 500B 80+ BRONZE;price_abs;9126
HyperX DDR4 RAM;quantity_sub;-3
Kingston Canvas Select Plus;price_percent;0.09
Brother DCP-T510W;quantity_sub;-6
Canon PIXMA;available;True
WD Blue HDD;quantity_add;7
Razer Variau;quantity_sub;-14
luxurious roofing;quantity_sub;-106
glamorous makeup remover;available;False
tasteful facial cleanser;remove;
gorgeous banana;quantity_sub;-57
AMD Ryzen 5;quantity_add;6
WD Blue HDD;price_abs;3587
refined grapes;remove;
glamorous insulation;quantity_add;10
pleasant electrical;price_percent;0.2
Canon PIXMA;remove;
glamorous toothpaste;remove;
trendy screws;price_abs;-7
SteelSeries Arctis 7;price_percent;-0.16
stylish eye cream;quantity_sub;-133
nice plumbing;remove;
tasteful apple;available;True
Logitech Wireless Keyboard;price_percent;-0.19
refined flooring;price_percent;-0.17
magnificent tape measure;quantity_sub;-162
Logitech Wireless Keyboard;price_percent;-0.13
glamorous roofing;quantity_sub;-32
magnificent tape measure;remove;
Corsair HS60;price_abs;-4666
Kingston Canvas Select Plus;price_percent;0.16
Ricoh Aficio MP;price_abs;3738
superb plum;quantity_sub;-12
tasteful sunscreen;available;True
WD Blue HDD;quantity_sub;-3
Kingston Canvas Select Plus;available;False
Kingston Canvas Select Plus;available;True
Epson Expression Home XP;price_percent;-0.13
Epson Expression Home XP;price_percent;-0.15
WD Blue HDD;available;True
HyperX DDR4 RAM;quantity_sub;-5
WD Blue HDD;available;True
beautiful mango;available;True
stylish peach;available;False
SteelSeries Arctis 7;available;False
Kingston Canvas Select Plus;quantity_sub;-10
refined flooring;price_percent;0.18
AMD Ryzen 5;available;True
gorgeous melon;remove;
magnificent body wash;quantity_sub;-71
AMD Ryzen 5;price_percent;0.1
gorgeous doors;quantity_sub;-127
glamorous insulation;price_abs;67.012
delightful guava;available;False
SteelSeries Arctis 7;quantity_add;2
attractive facial cleanser;quantity_add;130
Ricoh Aficio MP;quantity_add;6
Samsung 970 EVO SSD;remove;
gorgeous banana;remove;
Brother DCP-T510W;available;True
Logitech Wireless Keyboard;quantity_sub;-13
tasteful nail file;price_abs;-1
EVGA 500B 80+ BRONZE;available;False
tasteful nail file;price_percent;-0.11
elegant serum;remove;
delightful flooring;quantity_sub;-95
refined flooring;quantity_add;89
Intel Core i5;available;False
Logitech Wireless Keyboard;remove;
AMD Ryzen 5;price_percent;0.13
marvelous trim;remove;
glamorous makeup remover;price_abs;10
pretty facial cleanser;remove;
glamorous toothpaste;price_percent;0.08
glamorous pineapple;quantity_add;135
glamorous peach;price_percent;0.04
glamorous makeup remover;quantity_add;170
Logitech Wireless Keyboard;quantity_sub;-5
Brother DCP-T510W;quantity_add;8
refined exfoliator;quantity_add;7
marvelous grapes;price_abs;2
refined grapes;quantity_add;68
nice plumbing;quantity_sub;-33
superb perfume;quantity_add;124
nice manicure set;quantity_sub;-80
Logitech Wireless Keyboard;quantity_add;12
delightful bubble bath;remove;
beautiful mango;quantity_sub;-110
Kingston Canvas Select Plus;price_percent;-0.14
trendy screws;quantity_sub;-51
marvelous trim;remove;
delightful bubble bath;quantity_sub;-42
pretty lotion;remove;
Brother DCP-T510W;remove;
AMD Ryzen 5;quantity_sub;-5
WD Blue HDD;quantity_add;1
EVGA 500B 80+ BRONZE;quantity_add;7
tasteful nail file;price_abs;-1
magnificent body wash;remove;
marvelous cherry;available;False
amazing doors;remove;
exquisite toothpaste;remove;
nice glue;quantity_add;97
stylish ladder;price_percent;-0.12
luxurious face wash;available;False
Ricoh Aficio MP;price_abs;4744
AMD Ryzen 5;quantity_add;6
HP LaserJet Pro;quantity_sub;-8
trendy hammer;available;True
delightful orange;quantity_add;35
pretty exfoliator;remove;
nice glue;quantity_sub;-40
SteelSeries Arctis 7;quantity_add;2
refined toner;quantity_sub;-51
gorgeous doors;available;True
Brother DCP-T510W;quantity_add;3
stylish ladder;quantity_sub;-147
exquisite guava;quantity_add;120
exquisite pineapple;price_percent;0.06
NVIDIA GeForce GTX 1050;price_abs;-9256
marvelous moisturizer;remove;
delightful blueberry;price_percent;0.02
Kingston Canvas Select Plus;price_percent;-0.03
pretty facial cleanser;price_percent;-0.18
Ricoh Aficio MP;price_abs;-219
exquisite guava;price_percent;0.13
marvelous apricot;remove;
refined moustache wax;available;True
SteelSeries Arctis 7;quantity_add;8
Logitech Wireless Keyboard;price_percent;0.04
HyperX DDR4 RAM;price_percent;0.07
glamorous toothpaste;available;True
Brother DCP-T510W;available;True
beautiful mango;available;True
refined flooring;price_percent;0.06
trendy screws;price_abs;-3
trendy siding;remove;
delightful orange;quantity_add;152
attractive nail polish;price_percent;0.0
refined makeup remover;quantity_add;80
sublime apricot;remove;
stylish peach;remove;
Intel Core i5;price_percent;0.06
delightful body wash;quantity_sub;-62
delightful orange;quantity_add;182
EVGA 500B 80+ BRONZE;price_percent;0.01
attractive facial cleanser;quantity_add;71
delightful body wash;quantity_add;90
nice plumbing;price_percent;-0.11
tasteful eye cream;available;False
tasteful wheelbarrow;quantity_add;54
amazing glue;quantity_add;1
glamorous peach;quantity_add;78
luxurious face wash;quantity_add;118
pretty lotion;quantity_add;95
gorgeous melon;price_abs;96.36
refined raspberry;quantity_sub;-123
Kingston Canvas Select Plus;price_abs;3126
pretty facial cleanser;price_percent;0.02
sublime serum;quantity_sub;-26
Canon PIXMA;available;True
delightful blueberry;quantity_sub;-28
tasteful paint;price_percent;-0.14
refined grapes;price_percent;-0.11
HP LaserJet Pro;available;True
glamorous toothpaste;price_abs;1
stylish strawberry;remove;
Kingston Canvas Select Plus;available;False
tasteful nail file;remove;
Epson Expression Home XP;quantity_add;2
delightful guava;remove;
glamorous wallpaper;available;True
refined grapes;quantity_sub;-72
delightful guava;price_abs;-13
refined exfoliator;price_percent;-0.19
magnificent glue;price_abs;-6
gorgeous doors;price_percent;0.05
Logitech Wireless Keyboard;remove;
nice electrical;remove;
exquisite toothpaste;remove;
Samsung 970 EVO SSD;available;False
nice plumbing;available;True
AMD Ryzen 5;remove;
NVIDIA GeForce GTX 1050;quantity_sub;-3
trendy screws;price_abs;-1
gorgeous banana;remove;
stylish eye cream;price_percent;-0.12
WD Blue HDD;available;False
Brother DCP-T510W;price_percent;0.13
delightful body wash;quantity_sub;-15
EVGA 500B 80+ BRONZE;price_abs;7920
delightful guava;price_abs;-7
tasteful paint;price_percent;0.11
WD Blue HDD;quantity_sub;-6
SteelSeries Arctis 7;quantity_sub;-1
exquisite toothpaste;price_percent;-0.09
sublime serum;available;True
Kingston Canvas Select Plus;quantity_sub;-6
Canon PIXMA;available;True
luxurious hair mask;remove;
glamorous toothpaste;quantity_add;17
nice manicure set;available;True
magnificent orange;price_percent;0.14
luxurious nail file;available;True
amazing pedicure set;price_percent;-0.05
HyperX DDR4 RAM;remove;
Intel Core i5;price_percent;0.04
Intel Core i5;quantity_sub;-6
attractive nail polish;remove;
tasteful nail file;remove;
sublime conditioner;quantity_sub;-88
glamorous plumbing;quantity_add;169
amazing doors;quantity_add;67
Samsung 970 EVO SSD;available;True
trendy hammer;available;True
stylish shampoo;price_abs;3
pretty facial cleanser;price_abs;0
gorgeous apricot;remove;
stylish shampoo;quantity_add;36
nice electrical;available;False
stylish shampoo;available;False
NVIDIA GeForce GTX 1050;available;True
Brother DCP-T510W;quantity_sub;-9
AMD Ryzen 5;remove;
trendy siding;price_abs;3
WD Blue HDD;quantity_add;2
tasteful wheelbarrow;remove;
tasteful apple;price_percent;-0.02
gorgeous melon;quantity_add;112
pretty lotion;remove;
nice face wash;available;True
exquisite guava;price_percent;0.14
marvelous moisturizer;available;True
Ricoh Aficio MP;price_abs;-7094
exquisite saw;price_abs;0
Corsair HS60;price_percent;0.14
trendy nails;price_percent;-0.12
luxurious hair mask;price_percent;0.04
NVIDIA GeForce GTX 1050;quantity_sub;-10
Brother DCP-T510W;price_abs;11670
Kingston Canvas Select Plus;available;True
tasteful sunscreen;price_percent;-0.16
Kingston Canvas Select Plus;price_abs;45570.8
marvelous moisturizer;price_abs;-8
marvelous apricot;quantity_add;78
tasteful papaya;available;True
HyperX DDR4 RAM;quantity_add;2
Canon PIXMA;remove;
Ricoh Aficio MP;price_abs;16224
stylish ladder;available;False
gorgeous banana;remove;
tasteful sunscreen;quantity_sub;-19
delightful bubble bath;price_abs;4
nice glue;available;True
tasteful chisel;available;True
pretty lotion;quantity_sub;-49
AMD Ryzen 5;quantity_add;4
Canon PIXMA;price_abs;-11967
luxurious roofing;quantity_sub;-70
refined flooring;quantity_sub;-87
tasteful paint;remove;
Brother DCP-T510W;quantity_sub;-12
HyperX DDR4 RAM;quantity_add;7
WD Blue HDD;quantity_add;9
Samsung 970 EVO SSD;available;True
Brother DCP-T510W;remove;
glamorous insulation;price_abs;67.012
delightful blueberry;quantity_sub;-12
gorgeous blueberry;quantity_sub;-32
Ricoh Aficio MP;quantity_add;9
Kingston Canvas Select Plus;quantity_add;6
refined flooring;available;True
gorgeous banana;available;True
nice glue;available;False
tasteful nail file;price_abs;-1
NVIDIA GeForce GTX 1050;quantity_add;11
magnificent tape measure;remove;
pretty exfoliator;price_abs;13
glamorous peach;quantity_sub;-131
trendy screws;remove;
amazing raspberry;price_abs;6
marvelous cherry;available;True
Samsung 970 EVO SSD;price_percent;-0.04
delightful guava;remove;
Brother DCP-T510W;quantity_sub;-4
tasteful shovel;price_percent;-0.13
AMD Ryzen 5;price_percent;-0.11
glamorous makeup remover;price_percent;-0.02
pretty exfoliator;quantity_sub;-133
Samsung 970 EVO SSD;available;True
SteelSeries Arctis 7;quantity_sub;-7
NVIDIA GeForce GTX 1050;remove;
Logitech Wireless Keyboard;available;True
Logitech Wireless Keyboard;price_percent;-0.03
delightful bubble bath;available;True
trendy facial cleanser;remove;
magnificent kiwifruit;price_percent;-0.13
refined wheelbarrow;price_abs;-2
nice blueberry;quantity_sub;-11
pretty night cream;remove;
marvelous trim;price_percent;-0.1
refined exfoliator;quantity_sub;-24
luxurious nail file;remove;
magnificent glue;price_percent;0.2
tasteful papaya;remove;
attractive nail polish;quantity_sub;-6
pretty facial cleanser;price_abs;4
Canon PIXMA;quantity_sub;-1
Brother DCP-T510W;available;True
HP LaserJet Pro;available;True
Ricoh Aficio MP;quantity_sub;-2
amazing pineapple;available;True
magnificent orange;quantity_add;77
delightful body wash;price_abs;1
delightful flooring;remove;
nice manicure set;quantity_add;15
refined wheelbarrow;quantity_sub;-81
luxurious nail file;quantity_sub;-43
marvelous cherry;price_percent;-0.02
Canon PIXMA;quantity_add;15
HyperX DDR4 RAM;available;True
gorgeous doors;price_percent;0.16
stylish ladder;price_percent;-0.06
Brother DCP-T510W;quantity_sub;-10
tasteful chisel;remove;
delightful flooring;quantity_sub;-40
trendy facial cleanser;quantity_sub;-46
refined paint;remove;
HP LaserJet Pro;available;True
amazing pineapple;price_percent;0.14
Intel Core i5;remove;
stylish shampoo;price_percent;0.2
gorgeous banana;quantity_sub;-70
WD Blue HDD;price_abs;4380
tasteful strawberry;price_abs;2
tasteful nail file;price_percent;0.05
WD Blue HDD;available;True
marvelous grapes;available;True
Canon PIXMA;quantity_add;3
tasteful papaya;price_percent;0.02
Epson Expression Home XP;available;True
Ricoh Aficio MP;price_abs;12575
glamorous insulation;price_abs;9
magnificent sunscreen;available;True
glamorous pineapple;price_abs;-4
tasteful apple;available;True
Kingston Canvas Select Plus;price_abs;10921
tasteful apple;price_percent;0.06
WD Blue HDD;price_percent;-0.03
refined grapes;quantity_add;105
SteelSeries Arctis 7;quantity_add;1
tasteful wheelbarrow;remove;
Intel Core i5;remove;
amazing raspberry;quantity_add;43
marvelous trim;price_abs;0
exquisite guava;price_abs;3
luxurious nail file;price_percent;0.07
delightful flooring;remove;
superb glue;available;False
delightful guava;remove;
magnificent orange;price_percent;0.09
Canon PIXMA;price_percent;-0.01
trendy screws;quantity_add;17
gorgeous shampoo;quantity_sub;-73
gorgeous doors;price_percent;-0.06
marvelous trim;price_abs;-3
Ricoh Aficio MP;remove;
superb glue;remove;
AMD Ryzen 5;price_percent;-0.08
Razer Variau;quantity_sub;-14
tasteful nail file;quantity_add;50
pleasant hammer;quantity_add;105
glamorous toothpaste;quantity_sub;-69
nice glue;quantity_sub;-93
HyperX DDR4 RAM;quantity_add;5
magnificent kiwifruit;price_percent;0.08
pleasant hammer;remove;
Samsung 970 EVO SSD;quantity_add;2
tasteful apple;remove;
glamorous toothpaste;price_percent;-0.11
luxurious face wash;quantity_sub;-1
nice glue;available;True
Corsair HS60;price_abs;-4953
AMD Ryzen 5;quantity_sub;-7
exquisite eye cream;available;True
gorgeous shampoo;available;False
stylish shampoo;price_percent;0.14
nice manicure set;quantity_sub;-22
marvelous trim;quantity_add;18
tasteful apple;price_percent;-0.12
Logitech Wireless Keyboard;price_percent;-0.05
Razer Variau;quantity_sub;-9
amazing raspberry;quantity_add;22
NVIDIA GeForce GTX 1050;price_abs;10514
Kingston Canvas Select Plus;price_percent;-0.14
gorgeous shampoo;price_percent;0.07
Logitech Wireless Keyboard;price_percent;-0.08
Kingston Canvas Select Plus;price_percent;0.14
Ricoh Aficio MP;price_abs;109936.20000000001
delightful orange;remove;
delightful blueberry;price_abs;10
magnificent kiwifruit;remove;
tasteful apple;quantity_sub;-140
exquisite eye cream;price_abs;-1
AMD Ryzen 5;available;True
marvelous moisturizer;quantity_add;62
nice electrical;price_abs;3
marvelous trim;quantity_sub;-155
magnificent boysenberry;quantity_sub;-66
magnificent banana;price_abs;-17
elegant nail polish;quantity_sub;-88
sublime apricot;price_abs;5
elegant trim;quantity_add;31
marvelous moisturizer;remove;
Canon PIXMA;quantity_add;10
delightful windows;remove;
Samsung 970 EVO SSD;price_percent;-0.1
Brother DCP-T510W;quantity_sub;-4
marvelous apricot;remove;
Canon PIXMA;available;True
stylish strawberry;price_abs;8
nice blueberry;quantity_add;79
tasteful apple;price_abs;6
magnificent banana;available;False
HyperX DDR4 RAM;available;False
sublime baseboard;remove;
magnificent boysenberry;available;False
beautiful mango;quantity_sub;-127
gorgeous melon;price_percent;-0.14
amazing lip balm;remove;
WD Blue HDD;quantity_sub;-9
AMD Ryzen 5;quantity_add;2
tasteful chisel;quantity_add;100
Kingston Canvas Select Plus;remove;
gorgeous melon;quantity_add;90
magnificent orange;quantity_sub;-111
delightful body wash;price_abs;-2
delightful orange;available;False
AMD Ryzen 5;price_abs;2639
Ricoh Aficio MP;available;False
WD Blue HDD;remove;
tasteful apple;price_percent;-0.09
stylish shampoo;quantity_add;117
WD Blue HDD;price_percent;0.16
marvelous trim;price_abs;2
EVGA 500B 80+ BRONZE;remove;
AMD Ryzen 5;price_percent;-0.12
glamorous roofing;price_percent;0.18
Epson Expression Home XP;available;False
HyperX DDR4 RAM;quantity_sub;-7
delightful face wash;price_percent;-0.07
Brother DCP-T510W;remove;
delightful flooring;quantity_add;17
elegant trim;quantity_sub;-86
AMD Ryzen 5;price_abs;88240.90000000001
Logitech Wireless Keyboard;quantity_sub;-10
Ricoh Aficio MP;quantity_add;2
amazing doors;quantity_sub;-23
pretty exfoliator;available;True
glamorous plumbing;price_percent;0.0
luxurious roofing;quantity_sub;-2
pretty lotion;price_percent;-0.14
magnificent boysenberry;available;True
exquisite pineapple;available;True
Ricoh Aficio MP;quantity_sub;-5
tasteful strawberry;price_abs;4
tasteful paint;quantity_add;117
Logitech Wireless Keyboard;price_percent;0.13
Samsung 970 EVO SSD;remove;
marvelous moisturizer;price_abs;86.658
HP LaserJet Pro;quantity_add;6
HyperX DDR4 RAM;price_percent;-0.12
Canon PIXMA;price_abs;-5041
delightful body wash;remove;
Epson Expression Home XP;quantity_add;2
trendy nails;quantity_sub;-25
AMD Ryzen 5;quantity_sub;-8
sublime baseboard;price_percent;0.12
Kingston Canvas Select Plus;price_percent;0.03
pleasant hammer;quantity_add;1
stylish apricot;quantity_sub;-44
exquisite eye cream;quantity_sub;-120
superb glue;price_abs;-3
marvelous moisturizer;quantity_add;105
luxurious face wash;available;True
exquisite eye cream;available;True
pretty facial cleanser;quantity_sub;-141
stylish ladder;price_abs;0
Samsung 970 EVO SSD;quantity_add;3
exquisite eye cream;available;True
Canon PIXMA;available;True
exquisite saw;remove;
Intel Core i5;available;True
WD Blue HDD;price_percent;0.16
attractive chisel;price_percent;-0.09
superb glue;quantity_sub;-79
AMD Ryzen 5;available;True
magnificent banana;quantity_add;169
HyperX DDR4 RAM;price_percent;0.18
Logitech Wireless Keyboard;available;True
delightful body wash;quantity_sub;-34
nice blueberry;available;False
tasteful strawberry;quantity_add;69
Logitech Wireless Keyboard;available;False
AMD Ryzen 5;remove;
WD Blue HDD;available;False
Samsung 970 EVO SSD;available;False
pretty lotion;price_percent;-0.02
gorgeous doors;price_abs;3
HP LaserJet Pro;price_abs;22433.4
attractive facial cleanser;available;True
HyperX DDR4 RAM;quantity_sub;-5
pleasant hammer;price_abs;-11
nice glue;quantity_sub;-96
exquisite toothpaste;available;True
AMD Ryzen 5;price_abs;-9178
stylish apricot;price_abs;3
marvelous grapes;remove;
elegant serum;quantity_sub;-33
tasteful strawberry;quantity_add;170
sublime apricot;remove;
WD Blue HDD;available;False
marvelous cherry;quantity_add;154
Ricoh Aficio MP;available;True
delightful guava;price_abs;2
NVIDIA GeForce GTX 1050;quantity_add;1
magnificent kiwifruit;available;True
elegant serum;quantity_sub;-96
attractive facial cleanser;price_abs;7
nice glue;quantity_sub;-57
Kingston Canvas Select Plus;quantity_add;9
Canon PIXMA;quantity_add;11
tasteful apple;price_percent;0.12
pretty lotion;price_abs;1
WD Blue HDD;quantity_add;11
pleasant cherry;available;True
magnificent tape measure;quantity_sub;-108
marvelous grapes;available;True
SteelSeries Arctis 7;quantity_add;5
trendy screws;price_percent;0.01
stylish eye cream;price_abs;2
magnificent banana;remove;
attractive nail polish;remove;
exquisite toothpaste;remove;
nice blueberry;price_abs;86.108
tasteful chisel;price_percent;0.09
luxurious nail file;quantity_add;24
Ricoh Aficio MP;quantity_add;4
trendy facial cleanser;available;False
exquisite guava;quantity_sub;-135
amazing raspberry;quantity_sub;-82
amazing doors;remove;
Logitech Wireless Keyboard;quantity_add;4
HP LaserJet Pro;quantity_sub;-9
pleasant hammer;available;False
superb glue;available;True
amazing pineapple;remove;
SteelSeries Arctis 7;quantity_add;7
beautiful mango;available;False
amazing pedicure set;price_percent;0.11
refined toner;price_percent;0.03
delightful windows;price_abs;5
superb plum;quantity_sub;-38
glamorous roofing;available;True
SteelSeries Arctis 7;available;False
magnificent tape measure;available;False
NVIDIA GeForce GTX 1050;quantity_sub;-9
NVIDIA GeForce GTX 1050;price_abs;466
amazing doors;price_abs;-7
Epson Expression Home XP;remove;
AMD Ryzen 5;price_percent;-0.1
delightful blueberry;available;True
tasteful apple;remove;
WD Blue HDD;remove;
NVIDIA GeForce GTX 1050;price_percent;0.14
NVIDIA GeForce GTX 1050;available;True
magnificent kiwifruit;available;False
Brother DCP-T510W;price_abs;5530
nice manicure set;available;True
delightful bubble bath;price_abs;-2
Intel Core i5;remove;
trendy hammer;quantity_add;50
Intel Core i5;price_abs;73
magnificent orange;price_abs;34.452000000000005
Logitech Wireless Keyboard;price_percent;-0.15
delightful guava;quantity_sub;-129
sublime conditioner;price_abs;2
Logitech Wireless Keyboard;price_percent;0.08
tasteful paint;quantity_add;126
pretty exfoliator;price_percent;-0.04
trendy facial cleanser;price_abs;9
Intel Core i5;price_percent;0.04
luxurious nail file;remove;
nice glue;price_abs;17
elegant trim;price_percent;0.09
Brother DCP-T510W;price_abs;4502
gorgeous blueberry;quantity_add;111
attractive facial cleanser;price_abs;1
Logitech Wireless Keyboard;remove;
Epson Expression Home XP;quantity_sub;-1
gorgeous banana;price_abs;-5
tasteful apple;price_percent;0.1
glamorous deodorant;quantity_sub;-17
Ricoh Aficio MP;price_percent;0.09
glamorous plumbing;price_abs;-3
SteelSeries Arctis 7;remove;
AMD Ryzen 5;quantity_sub;-8
tasteful apple;remove;
trendy screws;price_abs;-6
trendy screws;quantity_sub;-99
tasteful chisel;remove;
nice blueberry;available;True
magnificent tape measure;price_percent;-0.2
Ricoh Aficio MP;quantity_add;3
stylish shampoo;quantity_add;2
refined raspberry;price_abs;-4
exquisite guava;quantity_sub;-91
gorgeous banana;quantity_add;90
tasteful wheelbarrow;quantity_add;197
WD Blue HDD;available;False
amazing raspberry;price_percent;-0.14
glamorous makeup remover;price_percent;0.18
sublime conditioner;available;False
tasteful sunscreen;quantity_add;103
marvelous apricot;price_abs;5
pretty exfoliator;price_abs;-12
nice glue;available;True
AMD Ryzen 5;quantity_add;8
superb glue;price_abs;4
luxurious face wash;price_abs;5
marvelous trim;available;True
pleasant drywall;quantity_add;56
Corsair HS60;quantity_add;4
Canon PIXMA;price_percent;-0.1
stylish ladder;available;True
Epson Expression Home XP;available;True
exquisite eye cream;available;True
nice plumbing;remove;
superb glue;available;True
Intel Core i5;price_abs;-3135
Corsair HS60;available;True
glamorous makeup remover;price_percent;-0.15
attractive nail polish;available;False
refined flooring;price_percent;-0.16
attractive nail polish;price_abs;5
nice blueberry;remove;
sublime serum;quantity_add;13
pleasant electrical;quantity_add;13
stylish ladder;available;False
Corsair HS60;quantity_add;1
Brother DCP-T510W;price_abs;-17256
AMD Ryzen 5;price_abs;10687
tasteful apple;price_abs;7
Ricoh Aficio MP;price_abs;4577
elegant trim;price_abs;0
WD Blue HDD;quantity_sub;-1
refined flooring;price_percent;0.18
trendy facial cleanser;quantity_sub;-50
SteelSeries Arctis 7;quantity_sub;-14
amazing raspberry;quantity_sub;-86
exquisite eye cream;quantity_sub;-43
luxurious face wash;price_percent;0.09
stylish eye cream;price_abs;-2
AMD Ryzen 5;remove;
trendy hammer;price_abs;-8
Brother DCP-T510W;remove;
NVIDIA GeForce GTX 1050;available;False
delightful windows;available;True
elegant serum;remove;
marvelous apricot;price_abs;-8
attractive siding;available;True
magnificent glue;price_abs;8
delightful flooring;quantity_sub;-60
trendy screws;quantity_sub;-92
Kingston Canvas Select Plus;price_percent;-0.06
AMD Ryzen 5;price_abs;9776
tasteful paint;price_abs;0
Logitech Wireless Keyboard;quantity_add;3
WD Blue HDD;quantity_add;4
Intel Core i5;quantity_add;9
delightful guava;remove;
pretty exfoliator;quantity_sub;-162
amazing lip balm;remove;
NVIDIA GeForce GTX 1050;remove;
Corsair HS60;available;True
sublime apricot;quantity_sub;-51
exquisite toothpaste;remove;
SteelSeries Arctis 7;price_abs;-1033
marvelous grapes;price_abs;2
gorgeous blueberry;quantity_sub;-90
Brother DCP-T510W;quantity_add;5
gorgeous melon;quantity_sub;-118
beautiful roofing;available;False
luxurious cherry;quantity_sub;-73
glamorous plumbing;price_abs;42.317
pleasant apple;quantity_add;54
nice blueberry;price_percent;0.19
WD Blue HDD;quantity_sub;-4
gorgeous apricot;quantity_add;14
refined toner;quantity_sub;-37
tasteful chisel;price_abs;-2
glamorous roofing;price_percent;-0.17
Brother DCP-T510W;available;True
trendy doors;price_percent;0.2
NVIDIA GeForce GTX 1050;remove;
attractive nail polish;available;False
tasteful eye cream;quantity_sub;-94
SteelSeries Arctis 7;quantity_add;2
NVIDIA GeForce GTX 1050;quantity_add;1
SteelSeries Arctis 7;quantity_sub;-13
tasteful facial cleanser;available;True
nice electrical;price_percent;0.04
Kingston Canvas Select Plus;price_percent;0.19
EVGA 500B 80+ BRONZE;quantity_add;12
magnificent glue;remove;
HyperX DDR4 RAM;price_percent;-0.03
beautiful flooring;available;False
delightful face wash;price_percent;-0.15
gorgeous blueberry;available;True
Corsair HS60;quantity_add;6
EVGA 500B 80+ BRONZE;quantity_sub;-8
WD Blue HDD;quantity_add;5
Canon PIXMA;price_percent;0.15
gorgeous banana;remove;
refined flooring;price_abs;14
pleasant hammer;quantity_sub;-108
glamorous pineapple;price_percent;0.1
AMD Ryzen 5;quantity_sub;-3
magnificent orange;available;True
beautiful mango;quantity_sub;-105
attractive nail polish;quantity_sub;-47
exquisite toothpaste;quantity_add;7
tasteful chisel;remove;
Brother DCP-T510W;quantity_sub;-2
Corsair HS60;available;False
magnificent kiwifruit;quantity_add;85
WD Blue HDD;quantity_add;4
stylish ladder;available;False
magnificent sunscreen;remove;
beautiful mango;quantity_add;22
pleasant cherry;price_abs;-8
exquisite eye cream;quantity_add;59
Samsung 970 EVO SSD;quantity_sub;-5
AMD Ryzen 5;quantity_sub;-2
HyperX DDR4 RAM;available;True
delightful flooring;remove;
marvelous apricot;remove;
nice blueberry;quantity_sub;-75
attractive facial cleanser;quantity_sub;-100
sublime apricot;price_abs;4
tasteful sunscreen;available;True
tasteful eye cream;quantity_sub;-32
stylish shampoo;price_abs;-4
pleasant drywall;remove;
Ricoh Aficio MP;quantity_add;3
attractive nail polish;remove;
trendy doors;quantity_sub;-126
stylish shampoo;quantity_add;119
refined moustache wax;quantity_add;133
amazing glue;remove;
exquisite toothpaste;price_percent;0.17
Brother DCP-T510W;remove;
magnificent glue;quantity_add;103
superb perfume;quantity_sub;-57
NVIDIA GeForce GTX 1050;price_abs;-1077
glamorous peach;price_abs;8
WD Blue HDD;remove;
marvelous moisturizer;price_abs;-6
sublime apricot;remove;
exquisite toothpaste;remove;
amazing lip balm;price_percent;0.16
gorgeous shampoo;price_abs;2
AMD Ryzen 5;quantity_sub;-1
attractive siding;quantity_sub;-57
trendy pedicure set;remove;
elegant screws;remove;
gorgeous blueberry;price_abs;2
superb glue;available;True
AMD Ryzen 5;price_abs;6900
marvelous grapes;quantity_add;106
superb plum;available;True
refined exfoliator;quantity_add;37
nice plumbing;quantity_add;39
Ricoh Aficio MP;price_abs;-972
superb plum;price_abs;4
tasteful eye cream;quantity_sub;-113
refined flooring;remove;
marvelous apricot;quantity_add;95
pretty exfoliator;quantity_add;144
Brother DCP-T510W;quantity_sub;-2
delightful bubble bath;quantity_add;8
glamorous makeup remover;quantity_sub;-23
NVIDIA GeForce GTX 1050;price_percent;0.08
stylish peach;available;True
Intel Core i5;quantity_sub;-4
pretty lotion;price_abs;2
magnificent body wash;quantity_sub;-17
delightful face wash;quantity_add;11
attractive nail polish;available;True
nice plumbing;remove;
Kingston Canvas Select Plus;price_abs;5516
amazing pedicure set;quantity_add;51
nice glue;price_percent;-0.12
Intel Core i5;quantity_add;2
glamorous toothpaste;available;False
delightful body wash;price_percent;-0.1
WD Blue HDD;price_percent;0.11
AMD Ryzen 5;price_abs;3763
exquisite eye cream;available;True
SteelSeries Arctis 7;quantity_add;9
tasteful papaya;quantity_sub;-77
Brother DCP-T510W;quantity_sub;-2
Canon PIXMA;quantity_add;9
tasteful papaya;price_abs;3
gorgeous shampoo;available;True
delightful blueberry;quantity_add;129
refined raspberry;remove;
elegant trim;remove;
Brother DCP-T510W;remove;
pretty lotion;available;False
AMD Ryzen 5;quantity_add;7
glamorous plumbing;price_abs;-5
tasteful sunscreen;price_abs;-4
SteelSeries Arctis 7;price_percent;0.17
Epson Expression Home XP;quantity_sub;-2
tasteful chisel;price_abs;2
delightful bubble bath;quantity_sub;-74
amazing glue;quantity_add;146
Kingston Canvas Select Plus;available;True
delightful blueberry;quantity_add;106
refined paint;quantity_sub;-114
delightful face wash;remove;
AMD Ryzen 5;remove;
delightful face wash;remove;
superb plum;quantity_add;38
stylish apricot;price_abs;-3
refined wheelbarrow;available;True
Epson Expression Home XP;price_percent;0.2
stylish roofing;quantity_add;25
Ricoh Aficio MP;quantity_add;3
pretty facial cleanser;remove;
refined toner;price_percent;0.11
refined exfoliator;price_percent;0.11
marvelous cherry;remove;
WD Blue HDD;remove;
refined toner;remove;
Logitech Wireless Keyboard;quantity_sub;-10
NVIDIA GeForce GTX 1050;quantity_sub;-2
tasteful eye cream;quantity_add;3
glamorous makeup remover;price_percent;-0.1
superb glue;remove;
glamorous toothpaste;quantity_sub;-48
SteelSeries Arctis 7;quantity_sub;-8
gorgeous melon;remove;
elegant trim;quantity_sub;-98
SteelSeries Arctis 7;price_abs;-9082
NVIDIA GeForce GTX 1050;available;False
exquisite guava;quantity_sub;-96
Samsung 970 EVO SSD;price_abs;-67
amazing doors;quantity_sub;-39
magnificent kiwifruit;available;True
Brother DCP-T510W;available;True
amazing lip balm;quantity_add;87
beautiful flooring;price_abs;-17
delightful face wash;remove;
WD Blue HDD;available;False
gorgeous apricot;price_percent;-0.15
trendy doors;quantity_add;57
exquisite pineapple;quantity_sub;-10
superb glue;price_abs;2
gorgeous blueberry;available;False
gorgeous doors;price_abs;6
marvelous grapes;price_abs;2
delightful bubble bath;price_abs;-4
WD Blue HDD;quantity_sub;-7
tasteful apple;quantity_add;11
tasteful eye cream;available;False
SteelSeries Arctis 7;quantity_sub;-3
sublime apricot;quantity_add;123
AMD Ryzen 5;available;True
attractive nail polish;price_percent;-0.02
delightful flooring;quantity_sub;-86
delightful windows;price_percent;-0.16
beautiful flooring;remove;
Ricoh Aficio MP;price_abs;-1721
refined toner;quantity_sub;-91
amazing pineapple;remove;
Corsair HS60;price_abs;3567
Brother DCP-T510W;price_abs;6115
AMD Ryzen 5;quantity_add;3
luxurious cherry;price_abs;-2
SteelSeries Arctis 7;price_abs;12486
trendy hammer;price_percent;0.14
AMD Ryzen 5;price_percent;0.0
gorgeous melon;remove;
glamorous peach;price_abs;3
pleasant hammer;quantity_add;105
HP LaserJet Pro;price_percent;0.16
amazing pedicure set;remove;
beautiful mango;available;True
amazing raspberry;quantity_sub;-87
delightful guava;quantity_sub;-131
SteelSeries Arctis 7;price_abs;912
Logitech Wireless Keyboard;quantity_sub;-5
AMD Ryzen 5;remove;
Intel Core i5;remove;
magnificent glue;quantity_add;101
exquisite guava;price_abs;-1
refined paint;quantity_sub;-68
Corsair HS60;price_abs;-1132
magnificent boysenberry;remove;
AMD Ryzen 5;quantity_sub;-7
WD Blue HDD;remove;
stylish apricot;available;True
pleasant electrical;price_abs;-5
delightful bubble bath;remove;
gorgeous shampoo;remove;
marvelous moisturizer;quantity_add;95
glamorous wallpaper;remove;
refined raspberry;price_percent;-0.2
Kingston Canvas Select Plus;available;True
Brother DCP-T510W;quantity_sub;-2
nice manicure set;price_percent;0.13
Kingston Canvas Select Plus;available;True
Brother DCP-T510W;quantity_add;3
refined grapes;price_percent;-0.13
exquisite eye cream;price_percent;-0.12
Epson Expression Home XP;price_percent;-0.06
tasteful sunscreen;price_percent;0.11
amazing glue;available;True
Brother DCP-T510W;quantity_add;13
marvelous grapes;price_percent;-0.05
tasteful nail file;price_abs;1
tasteful nail file;remove;
Logitech Wireless Keyboard;quantity_add;1
nice face wash;available;True
nice plumbing;price_percent;0.03
glamorous roofing;price_abs;3
trendy nails;quantity_sub;-106
refined flooring;remove;
Canon PIXMA;price_abs;13652
refined flooring;quantity_add;74
marvelous moisturizer;price_abs;-12
gorgeous doors;remove;
luxurious roofing;quantity_add;30
glamorous peach;price_abs;4
glamorous toothpaste;price_percent;0.19
magnificent orange;available;True
WD Blue HDD;price_percent;0.08
amazing raspberry;quantity_add;54
refined makeup remover;price_percent;-0.09
magnificent glue;price_abs;15
glamorous insulation;price_abs;-10
refined exfoliator;quantity_sub;-68
Brother DCP-T510W;quantity_sub;-3
refined toner;price_percent;0.17
tasteful nail file;remove;
amazing doors;price_percent;-0.01
pleasant hammer;price_abs;-6
tasteful apple;available;False
luxurious nail file;price_percent;-0.01
trendy screws;quantity_sub;-79
refined raspberry;price_abs;-6
SteelSeries Arctis 7;quantity_sub;-10
pretty lotion;quantity_sub;-83
AMD Ryzen 5;available;True
Brother DCP-T510W;quantity_add;10
pleasant hammer;remove;
Canon PIXMA;quantity_add;9
HP LaserJet Pro;remove;
WD Blue HDD;price_percent;0.19
luxurious nail file;price_abs;-4
beautiful flooring;price_percent;-0.07
trendy pedicure set;remove;
Logitech Wireless Keyboard;remove;
tasteful nail file;quantity_add;108
magnificent glue;quantity_sub;-58
WD Blue HDD;quantity_sub;-2
SteelSeries Arctis 7;quantity_sub;-5
pleasant drywall;quantity_sub;-3
refined toner;remove;
magnificent orange;quantity_sub;-11
tasteful strawberry;quantity_sub;-170
HyperX DDR4 RAM;available;True
sublime conditioner;price_percent;0.17
nice manicure set;remove;
Razer Variau;available;True
Brother DCP-T510W;available;True
attractive facial cleanser;available;True
trendy facial cleanser;price_abs;12
sublime apricot;quantity_sub;-95
stylish eye cream;price_abs;-3
stylish ladder;quantity_add;147
delightful face wash;quantity_sub;-99
gorgeous shampoo;remove;
magnificent kiwifruit;remove;
nice glue;quantity_add;119
tasteful wheelbarrow;remove;
magnificent sunscreen;quantity_add;43
beautiful flooring;price_abs;14
Logitech Wireless Keyboard;remove;
pretty exfoliator;price_percent;0.03
Corsair HS60;remove;
Brother DCP-T510W;price_percent;-0.03
stylish eye cream;price_abs;3
marvelous apricot;remove;
glamorous roofing;quantity_sub;-12
beautiful flooring;quantity_sub;-22
refined flooring;available;True
pleasant apple;price_abs;11
pretty lotion;price_percent;-0.03
delightful body wash;remove;
Kingston Canvas Select Plus;quantity_sub;-6
exquisite toothpaste;price_percent;0.13
delightful bubble bath;remove;
Intel Core i5;quantity_add;2
glamorous insulation;quantity_add;18
exquisite eye cream;quantity_sub;-38
refined exfoliator;available;False
delightful windows;available;True
WD Blue HDD;available;True
AMD Ryzen 5;price_percent;0.17
tasteful nail file;available;True
delightful orange;remove;
superb plum;quantity_sub;-44
amazing pedicure set;available;True
HP LaserJet Pro;quantity_add;11
luxurious face wash;available;True
stylish strawberry;price_abs;11
Canon PIXMA;price_percent;-0.14
delightful face wash;price_percent;-0.11
magnificent tape measure;remove;
tasteful papaya;price_percent;-0.11
Canon PIXMA;price_abs;-5631
gorgeous banana;remove;
elegant trim;price_percent;-0.14
marvelous apricot;quantity_add;97
exquisite toothpaste;quantity_sub;-95
exquisite toothpaste;price_percent;-0.17
glamorous makeup remover;remove;
Epson Expression Home XP;price_percent;0.18
delightful flooring;price_percent;-0.07
beautiful roofing;price_abs;-11
stylish peach;price_abs;16
Brother DCP-T510W;price_percent;0.09
luxurious face wash;price_abs;-5
amazing pineapple;remove;
Razer Variau;remove;
tasteful apple;quantity_add;11
exquisite toothpaste;quantity_add;19
tasteful strawberry;quantity_sub;-172
AMD Ryzen 5;price_abs;23185.800000000003
stylish ladder;quantity_sub;-167
Logitech Wireless Keyboard;available;True
Kingston Canvas Select Plus;price_percent;0.16
SteelSeries Arctis 7;quantity_sub;-3
refined grapes;quantity_add;57
AMD Ryzen 5;quantity_add;2
nice electrical;price_percent;-0.02
marvelous trim;price_abs;5
NVIDIA GeForce GTX 1050;price_percent;0.0
luxurious cherry;price_percent;-0.16
glamorous plumbing;remove;
trendy screws;price_abs;-4
amazing glue;quantity_sub;-84
Samsung 970 EVO SSD;price_abs;-4087
luxurious nail file;price_percent;-0.15
glamorous peach;remove;
Ricoh Aficio MP;remove;
tasteful strawberry;price_abs;2
WD Blue HDD;price_percent;-0.08
amazing pineapple;remove;
